{
  "data": [
    {
      "class_id": 1,
      "class_name": "servermake",
      "tutor_id": "road",
      "class_date": "monday",
      "class_time": "9:00-11:00",
      "class_room": "D2-512"
    },
    {
      "class_id": 2,
      "class_name": "servermake",
      "tutor_id": "road",
      "class_date": "monday",
      "class_time": "9:00-11:00",
      "class_room": "D2-512"
    },
    {
      "class_id": 3,
      "class_name": "servermake",
      "tutor_id": "road",
      "class_date": "monday",
      "class_time": "9:00-11:00",
      "class_room": "D2-512"
    },
    {
      "class_id": 4,
      "class_name": "servermake",
      "tutor_id": "road",
      "class_date": "monday",
      "class_time": "9:00-11:00",
      "class_room": "D2-512"
    },
    {
      "class_id": 0,
      "class_name": "servermake",
      "tutor_id": "road",
      "class_date": "monday",
      "class_time": "9:00-11:00",
      "class_room": "D2-512"
    }
  ]
}